Image_Name,Person_ID,Age_Group,Gender,Emotion,Set
066_y_m_f_b.jpg,066,y,m,f,b
079_o_f_n_b.jpg,079,o,f,n,b
066_y_m_d_a.jpg,066,y,m,d,a
066_y_m_f_a.jpg,066,y,m,f,a
079_o_f_n_a.jpg,079,o,f,n,a
066_y_m_d_b.jpg,066,y,m,d,b
140_y_f_f_a.jpg,140,y,f,f,a
168_m_f_f_a.jpg,168,m,f,f,a
079_o_f_h_b.jpg,079,o,f,h,b
004_o_m_d_a.jpg,004,o,m,d,a
079_o_f_s_b.jpg,079,o,f,s,b
004_o_m_f_b.jpg,004,o,m,f,b
168_m_f_d_b.jpg,168,m,f,d,b
140_y_f_d_b.jpg,140,y,f,d,b
140_y_f_f_b.jpg,140,y,f,f,b
168_m_f_f_b.jpg,168,m,f,f,b
079_o_f_h_a.jpg,079,o,f,h,a
004_o_m_d_b.jpg,004,o,m,d,b
079_o_f_s_a.jpg,079,o,f,s,a
004_o_m_f_a.jpg,004,o,m,f,a
168_m_f_d_a.jpg,168,m,f,d,a
140_y_f_d_a.jpg,140,y,f,d,a
116_m_m_s_b.jpg,116,m,m,s,b
140_y_f_a_b.jpg,140,y,f,a,b
116_m_m_h_b.jpg,116,m,m,h,b
168_m_f_a_b.jpg,168,m,f,a,b
004_o_m_a_a.jpg,004,o,m,a,a
116_m_m_s_a.jpg,116,m,m,s,a
140_y_f_a_a.jpg,140,y,f,a,a
116_m_m_h_a.jpg,116,m,m,h,a
168_m_f_a_a.jpg,168,m,f,a,a
004_o_m_a_b.jpg,004,o,m,a,b
066_y_m_a_a.jpg,066,y,m,a,a
116_m_m_n_b.jpg,116,m,m,n,b
066_y_m_a_b.jpg,066,y,m,a,b
116_m_m_n_a.jpg,116,m,m,n,a
116_m_m_f_b.jpg,116,m,m,f,b
079_o_f_a_a.jpg,079,o,f,a,a
116_m_m_d_a.jpg,116,m,m,d,a
116_m_m_f_a.jpg,116,m,m,f,a
079_o_f_a_b.jpg,079,o,f,a,b
116_m_m_d_b.jpg,116,m,m,d,b
140_y_f_s_a.jpg,140,y,f,s,a
168_m_f_s_a.jpg,168,m,f,s,a
168_m_f_h_a.jpg,168,m,f,h,a
116_m_m_a_a.jpg,116,m,m,a,a
140_y_f_h_a.jpg,140,y,f,h,a
079_o_f_f_b.jpg,079,o,f,f,b
066_y_m_n_b.jpg,066,y,m,n,b
079_o_f_d_a.jpg,079,o,f,d,a
004_o_m_h_b.jpg,004,o,m,h,b
004_o_m_s_b.jpg,004,o,m,s,b
140_y_f_s_b.jpg,140,y,f,s,b
168_m_f_s_b.jpg,168,m,f,s,b
168_m_f_h_b.jpg,168,m,f,h,b
116_m_m_a_b.jpg,116,m,m,a,b
140_y_f_h_b.jpg,140,y,f,h,b
079_o_f_f_a.jpg,079,o,f,f,a
066_y_m_n_a.jpg,066,y,m,n,a
079_o_f_d_b.jpg,079,o,f,d,b
004_o_m_h_a.jpg,004,o,m,h,a
004_o_m_s_a.jpg,004,o,m,s,a
066_y_m_h_b.jpg,066,y,m,h,b
066_y_m_s_b.jpg,066,y,m,s,b
168_m_f_n_a.jpg,168,m,f,n,a
140_y_f_n_a.jpg,140,y,f,n,a
004_o_m_n_b.jpg,004,o,m,n,b
066_y_m_h_a.jpg,066,y,m,h,a
066_y_m_s_a.jpg,066,y,m,s,a
168_m_f_n_b.jpg,168,m,f,n,b
140_y_f_n_b.jpg,140,y,f,n,b
004_o_m_n_a.jpg,004,o,m,n,a